{
    "BDFDB": true,
    "ZeresPluginLibrary": true,
    "@ All Plugin Controll": true,
    "Animations": true,
    "AutoIdleOnAFK": true,
    "BDContextMenu": true,
    "BetterAudioPlayer": true,
    "BetterSearchPage": true,
    "BetterVolume": true,
    "CallTimeCounter": true,
    "ChannelTabs": true,
    "ClickToChat": true,
    "CustomStatusPresets": true,
    "DiscordActivities": true,
    "DoNotTrack": true,
    "Double Click To Edit": true,
    "Embed More Images": true,
    "FavoriteMedia": false,
    "HideIconBadge": true,
    "ImageUtilities": true,
    "AppNotifications": false,
    "InMyVoice": false,
    "InvisibleTyping": true,
    "MessageUtilities": true,
    "MultiSelect": true,
    "NoSpotifyPause": true,
    "PinDMs": true,
    "PluginRepo": true,
    "PrettyFolders": true,
    "QuickMention": true,
    "ReadAllNotificationsButton": true,
    "RemovedConnectionAlerts": true,
    "ServerConfig": true,
    "ShowAllActivities": false,
    "ShowBadgesInChat": true,
    "ShowConnections": true,
    "ShutUpClyde": true,
    "SplitLargeMessages": true,
    "SpotifyControls": true,
    "StaffTag": true,
    "ThemeRepo": true,
    "Timezones": false,
    "Translator": true,
    "TypingUsersPopouts": false,
    "Uncompressed Images": true,
    "URLDecode": true,
    "VoiceActivity": false,
    "WriteUpperCase": true,
    "YABDP4Nitro": true
}