{
    "BDFDB": true,
    "ZeresPluginLibrary": true,
    "Animations": true,
    "APlatformIndicators": false,
    "AutoIdleOnAFK": false,
    "BetterAudioPlayer": true,
    "BetterInvites": false,
    "BetterSearchPage": true,
    "BetterVolume": true,
    "CallTimeCounter": true,
    "ChannelTabs": true,
    "ClickToChat": true,
    "CollapsibleUI": true,
    "CustomStatusPresets": true,
    "DiscordActivities": true,
    "DoNotTrack": true,
    "Double Click To Edit": true,
    "Embed More Images": true,
    "FavoriteMedia": true,
    "HideIconBadge": true,
    "ImageUtilities": true,
    "AppNotifications": true,
    "InMyVoice": true,
    "InvisibleTyping": true,
    "MessageUtilities": true,
    "MultiSelect": true,
    "NoSpotifyPause": true,
    "PinDMs": true,
    "PluginRepo": true,
    "PrettyFolders": true,
    "QuickMention": true,
    "ReadAllNotificationsButton": true,
    "RemovedConnectionAlerts": true,
    "ServerConfig": true,
    "ShowConnections": true,
    "ShutUpClyde": true,
    "Snowfall": false,
    "SplitLargeMessages": true,
    "SpotifyControls": true,
    "ThemeRepo": true,
    "Timezones": true,
    "Translator": true,
    "TypingUsersPopouts": true,
    "Uncompressed Images": true,
    "URLDecode": true,
    "VoiceActivity": true,
    "WriteUpperCase": true,
    "YABDP4Nitro": true,
    "ShowAllActivities": true
}